{"cameraMode":{"drawMode":0,"name":"Shaded","section":"Shading Mode"},"sceneLighting":true,"audioPlay":false,"sceneViewState":{"m_AlwaysRefresh":false,"showFog":true,"showSkybox":true,"showFlares":true,"showImageEffects":true,"showParticleSystems":true,"showVisualEffectGraphs":true,"m_FxEnabled":true},"in2DMode":false,"pivot":{"x":2.642298698425293,"y":1.2092933654785157,"z":-0.1842632293701172},"rotation":{"x":-0.09687996655702591,"y":-0.6445678472518921,"z":0.08283212780952454,"w":-0.7538613080978394},"size":0.8660253882408142,"orthographic":false}