{"cameraMode":{"drawMode":0,"name":"Shaded","section":"Shading Mode"},"sceneLighting":true,"audioPlay":false,"sceneViewState":{"m_AlwaysRefresh":false,"showFog":true,"showSkybox":true,"showFlares":true,"showImageEffects":true,"showParticleSystems":true,"showVisualEffectGraphs":true,"m_FxEnabled":true},"in2DMode":false,"pivot":{"x":-0.5276502966880798,"y":0.658186137676239,"z":0.6807809472084045},"rotation":{"x":0.22031551599502564,"y":0.22331197559833527,"z":-0.05189118534326553,"w":0.9481625556945801},"size":0.8660253882408142,"orthographic":false}